Metric,Training,Test
R-squared,0.4701242336734067,0.5139331940829311
RMSE,0.24302208403704373,0.22749346575838508
CV R-squared (mean),0.008712190086984806,
CV R-squared (std),0.13162808133030793,
